"Username","PlaylistName","Description","CreatedAt","UpdatedAt"
"bdilnot0","Food of love","nulla ac enim in tempor turpis nec euismod scelerisque quam turpis adipiscing lorem","2020-03-24 14:36:55","2020-03-07 06:40:43"
"pdunckley1","Ten Summer tales","","2021-10-30 22:05:12","2021-02-04 02:17:58"
"mmatthis3","Eternity and a day","odio consequat varius integer ac leo pellentesque ultrices mattis odio donec vitae nisi nam ultrices libero non","2021-04-08 10:21:15","2020-11-24 01:01:37"
"qmeader4","Your Lucky Day","","2020-01-07 19:07:26","2020-10-22 02:53:47"
"kdonovan5","Borrow the Happiness!","nullam orci pede venenatis non sodales sed tincidunt eu felis fusce posuere felis sed lacus morbi sem mauris","2020-12-14 02:21:38","2020-07-03 22:43:03"
"ngally7","Ray Of Hope","","2021-03-06 06:05:11","2021-07-29 23:41:49"
"smarwood8","Back to 90s","","2020-05-23 02:28:42","2021-02-17 20:05:53"
"obansal9","Art of silence","","2020-01-30 05:17:21","2020-11-18 18:43:08"
"rcathersidesa","Now or never","","2021-07-15 08:41:22","2021-05-10 19:19:25"
"cboggishb","Love messengers","","2021-04-14 08:45:25","2021-01-28 00:30:46"
"arobjentsd","Enjoy your coffee","vitae consectetuer eget rutrum at lorem integer tincidunt ante vel ipsum praesent blandit lacinia erat vestibulum sed magna","2020-03-21 13:30:25","2020-02-08 15:57:31"
"orenade","Fresh start","","2021-09-24 15:45:33","2020-06-01 13:38:44"
"lbruckenthalf","Own today","amet sapien dignissim vestibulum vestibulum ante ipsum primis in faucibus orci luctus et ultrices posuere cubilia curae nulla dapibus dolor","2021-08-15 00:27:27","2021-03-11 04:10:13"
"cmacgorleyg","Free humanity","","2021-12-16 17:04:21","2021-09-25 04:38:00"
"itrimh","Together forever","","2020-06-23 06:52:59","2021-10-13 16:36:25"
"dbabidgei","The flip side","eget eros elementum pellentesque quisque porta volutpat erat quisque erat eros viverra eget","2020-04-24 07:27:23","2020-04-06 22:48:38"
"hheliarj","Key moments","","2020-02-07 06:29:35","2021-06-22 13:36:55"
"esetonl","Everything is connected","","2020-03-01 18:58:24","2021-08-18 03:51:34"
"mtezurem","Be in peace not in pieces","aenean sit amet justo morbi ut odio cras mi pede malesuada","2021-06-06 00:01:24","2020-05-15 10:07:18"
"mbalsern","Every day can be an adventure!","","2021-05-23 05:05:32","2021-11-25 16:54:24"
"odiableo","Good Night World","","2021-03-09 15:22:25","2020-01-29 21:37:34"
"mkorejsp","Calm Days","","2020-08-15 23:19:47","2020-04-11 15:37:45"
"seliezs","Powerful weapons","","2021-05-13 14:04:54","2021-08-14 14:22:57"
"hkunest","Do the impossible","","2020-10-22 05:29:10","2020-01-22 02:24:34"
"lholmesv","Comfort zone","ridiculus mus vivamus vestibulum sagittis sapien cum sociis natoque penatibus et magnis dis parturient montes","2020-04-18 02:08:18","2021-12-10 22:49:11"
"kmccroryx","Stolen love","ac neque duis bibendum morbi non quam nec dui luctus","2021-06-30 03:13:11","2020-01-09 05:22:08"
"mpopley","stay tuned!","","2021-06-21 03:40:34","2020-12-31 11:37:29"
"abusekz","True Home","","2020-04-29 20:24:13","2020-03-08 02:44:21"
"fmcculley10","Wheel of Eternity","","2021-07-14 23:51:39","2021-09-24 05:19:08"
"dhallibone13","Nothing Lasts Forever Except Your Love","ante vestibulum ante ipsum primis in faucibus orci luctus et ultrices posuere","2021-06-22 13:45:38","2020-05-17 20:07:12"
"ccearley15","Inside Your Eyes","","2021-06-27 19:18:39","2020-12-06 16:50:45"
"xlemar16","Spicy Hot Dance","nulla ultrices aliquet maecenas leo odio condimentum id luctus nec molestie sed justo pellentesque viverra pede ac diam cras pellentesque","2021-12-21 13:11:56","2021-06-02 05:26:53"
"bbosson17","Crazy Moments","","2020-09-21 19:00:56","2021-01-06 04:02:58"
"ystarr1a","Honey","","2020-02-29 12:18:11","2020-09-24 05:59:37"
"zstannard1b","True Love Knows No Lies","","2020-06-21 12:41:34","2021-12-02 22:02:16"
"mesom1c","Heavenly Touch","","2020-08-17 12:56:33","2020-05-21 14:35:07"
"aboanas1d","Mess Of Fantasy","pede justo eu massa donec dapibus duis at velit eu est congue elementum in hac habitasse platea","2021-10-23 08:31:51","2020-07-01 12:50:43"
"vmathivon1e","Tales Of The Gray Winter","dapibus nulla suscipit ligula in lacus curabitur at ipsum ac tellus semper interdum mauris ullamcorper purus sit","2021-02-07 17:31:27","2021-08-29 01:26:14"
"hpurle1f","Cool Off Time","donec quis orci eget orci vehicula condimentum curabitur in libero ut massa volutpat","2020-04-21 14:16:10","2020-03-25 01:10:42"
"sdehooch1g","Chilled Soul","nulla neque libero convallis eget eleifend luctus ultricies eu nibh quisque","2021-05-12 20:14:20","2020-04-30 06:37:45"
"mdanielovitch1h","The Light Hits","vestibulum ante ipsum primis in faucibus orci luctus et ultrices posuere cubilia curae donec pharetra magna vestibulum aliquet","2020-06-12 06:07:16","2020-07-14 09:44:13"
"dcasol1i","De-Stress Chill","dui proin leo odio porttitor id consequat in consequat ut nulla sed accumsan felis ut at dolor","2020-06-10 04:59:08","2021-08-29 18:28:10"
"hwilderspoon1j","Stop Work","vel ipsum praesent blandit lacinia erat vestibulum sed magna at nunc commodo placerat praesent blandit nam nulla integer pede","2021-01-07 07:59:47","2021-07-09 11:47:13"
"tnorthbridge1k","Ease Up Thoughts","","2022-01-02 12:25:32","2020-07-31 04:52:15"
"deyckel1l","Global Rap Jams","","2021-03-10 00:33:02","2020-01-25 15:46:18"
"mderx1m","Time For Nightmare","","2020-10-24 16:43:54","2020-04-20 09:27:24"
"apenella1n","Words Of Pain","","2020-12-18 03:08:47","2020-02-04 12:55:56"
"bbovaird1o","Castle Of Power","posuere cubilia curae donec pharetra magna vestibulum aliquet ultrices erat tortor sollicitudin mi sit","2020-10-01 14:51:50","2020-02-08 23:39:57"
"cairds1p","Without Loose","eros suspendisse accumsan tortor quis turpis sed ante vivamus tortor duis mattis egestas metus aenean fermentum donec ut mauris","2020-06-03 07:14:59","2020-04-13 16:11:28"
"cwildor1q","Sexy Tomorrow","","2020-05-04 04:11:23","2021-11-26 14:35:51"
"mpowis1s","Unexpected Fantasy","laoreet ut rhoncus aliquet pulvinar sed nisl nunc rhoncus dui vel sem sed sagittis","2021-12-27 13:34:55","2020-10-25 23:31:10"
"gburde1v","Serious Mind","diam cras pellentesque volutpat dui maecenas tristique est et tempus","2021-02-10 22:49:13","2021-02-11 13:39:34"
"mkenderdine1w","brain food","","2022-01-02 20:10:29","2020-02-09 15:14:46"
"imazzey1x","Learning Machine","","2021-10-14 12:16:58","2021-08-14 00:13:07"
"gcheeld1z","Just Study","","2020-04-09 04:46:21","2020-09-10 08:15:24"
"tkings20","Deep Mind","proin interdum mauris non ligula pellentesque ultrices phasellus id sapien in sapien iaculis congue vivamus metus","2020-05-07 18:57:53","2020-02-09 19:16:13"
"ylatus22","Studying System","consequat varius integer ac leo pellentesque ultrices mattis odio donec vitae","2021-02-16 15:19:06","2022-01-19 17:19:15"
"dohallagan23","Study With evening Mix","","2021-10-11 20:26:43","2021-10-28 20:15:19"
"mcoggins25","Planned System","","2022-01-10 10:58:55","2021-08-26 14:21:27"
"nbifield26","Serious leader","nibh in lectus pellentesque at nulla suspendisse potenti cras in purus eu magna vulputate luctus cum sociis","2020-05-30 01:20:20","2020-03-19 12:35:07"
"bkanzler27","Quite Study","","2020-05-26 11:43:20","2021-04-29 13:24:49"
"fdunkinson29","My Happy Melodies","","2020-01-16 01:01:38","2021-11-02 09:16:11"
"bholdey2a","Hello Summer","lectus pellentesque at nulla suspendisse potenti cras in purus eu magna vulputate luctus cum sociis natoque penatibus","2020-01-13 23:24:28","2020-05-10 05:21:38"
"cbrende2b","An Overture To Happiness","fusce congue diam id ornare imperdiet sapien urna pretium nisl ut volutpat sapien arcu sed","2021-02-28 13:19:24","2020-10-17 17:13:09"
"fkinkead2c","Sunny Days","erat volutpat in congue etiam justo etiam pretium iaculis justo in hac habitasse platea","2021-02-08 16:55:34","2020-07-24 02:28:15"
"epetruska2d","Every One Need Adventure","in lectus pellentesque at nulla suspendisse potenti cras in purus eu magna","2021-09-13 06:51:31","2020-12-27 06:13:12"
"rsomerscales2e","Happy","ut suscipit a feugiat et eros vestibulum ac est lacinia","2020-08-26 16:26:06","2021-06-07 13:39:31"
"klorain2f","I Found My Way","erat vestibulum sed magna at nunc commodo placerat praesent blandit nam nulla","2020-10-16 13:17:34","2020-06-21 08:05:02"
"tdeboick2g","Early","","2020-05-15 22:56:02","2020-04-02 07:12:48"
"hstraun2h","Bonjour","justo eu massa donec dapibus duis at velit eu est congue elementum","2021-01-27 17:39:43","2020-01-29 18:38:48"
"nlendrem2i","A Time Of Victory","","2020-11-28 07:39:27","2022-01-05 12:04:55"
"atollerton2j","You only live once","","2021-03-30 21:14:22","2020-10-04 11:17:58"
"alamers2k","Light Life","massa id lobortis convallis tortor risus dapibus augue vel accumsan tellus nisi eu orci mauris lacinia sapien quis libero","2021-01-07 13:58:47","2020-10-31 12:02:42"
"sbrydson2l","Love is a souvenir","","2021-03-23 02:06:28","2021-11-05 17:11:45"
"tschlagh2m","Powerful weapons","elit sodales scelerisque mauris sit amet eros suspendisse accumsan tortor quis turpis sed ante vivamus tortor duis mattis egestas metus","2021-02-16 21:25:40","2021-02-09 14:19:08"
"boconnor2n","Feeling Alive","","2022-01-19 23:54:48","2020-09-30 21:36:18"
"elestor2o","Musical Odyssey","euismod scelerisque quam turpis adipiscing lorem vitae mattis nibh ligula nec sem duis aliquam convallis nunc proin","2020-05-14 06:38:19","2020-07-10 16:07:20"
"zmalster2q","Warm handshake","","2020-01-22 18:07:39","2020-05-29 15:26:11"
"sspratley2r","The Time Has Come Again For Celebration","dignissim vestibulum vestibulum ante ipsum primis in faucibus orci luctus et ultrices","2021-01-25 00:54:38","2020-11-04 02:49:43"
"ssheepy2s","Enjoy Summer","posuere felis sed lacus morbi sem mauris laoreet ut rhoncus aliquet pulvinar sed","2020-03-23 14:33:35","2020-11-13 15:31:59"
"rreyner2t","Festivity Songs","suspendisse potenti nullam porttitor lacus at turpis donec posuere metus vitae ipsum","2020-05-25 03:09:27","2021-09-14 19:34:26"
"smuat2u","Your Best party","ultricies eu nibh quisque id justo sit amet sapien dignissim vestibulum vestibulum ante ipsum primis in faucibus","2020-06-15 18:27:11","2021-10-04 20:40:45"
"sallsobrook2v","Entertainment Planet","tempus vivamus in felis eu sapien cursus vestibulum proin eu mi nulla ac enim in tempor","2021-11-29 07:02:48","2020-05-19 16:51:40"
"bkneale2w","Happy Pictures","","2020-09-03 09:44:01","2021-02-24 05:21:30"
"odady2x","Time For Fun","at nulla suspendisse potenti cras in purus eu magna vulputate luctus","2022-01-15 07:46:08","2020-04-03 10:13:59"
"ssizey2y","I'll Play These For Universe","non lectus aliquam sit amet diam in magna bibendum imperdiet nullam orci pede venenatis non","2020-03-11 04:51:43","2020-04-22 02:32:14"
"zmcilvenny2z","Endless Adventures At Club","","2022-01-09 04:39:46","2020-08-10 07:46:28"
"bphilott30","Time For Memories","","2021-08-06 12:04:39","2020-05-18 19:26:31"
"fmaharey31","A Single women","viverra eget congue eget semper rutrum nulla nunc purus phasellus in felis donec semper sapien a libero nam","2021-10-15 03:42:16","2020-09-25 09:55:58"
"cmachent32","Dark Imagination","","2020-11-23 01:04:34","2020-01-16 20:24:15"
"smattiassi34","Let The Music Soothe Your  Sorrow","vitae nisl aenean lectus pellentesque eget nunc donec quis orci eget orci","2020-11-14 11:15:07","2020-10-19 18:47:35"
"cspaxman35","Broken expectations","","2020-07-06 04:51:18","2020-02-19 05:02:55"
"wnial36","A Darker Kind Of Goodbye","quis turpis sed ante vivamus tortor duis mattis egestas metus aenean fermentum donec ut mauris eget","2021-02-03 15:12:59","2020-12-17 22:03:01"
"jgilbanks38","I'm tired of Love","","2020-01-24 07:30:39","2021-04-06 12:27:44"
"cnapthine3a","Broken Mirrors","dui nec nisi volutpat eleifend donec ut dolor morbi vel lectus in quam fringilla rhoncus mauris enim leo","2020-09-17 11:38:13","2020-07-10 09:48:29"
"bgatch3b","Across The Space","","2020-11-12 20:42:33","2020-12-11 11:40:12"
"maps3c","Boring Talk","","2021-08-21 14:49:35","2020-11-26 18:52:23"
"chousiaux3d","Gold Country","turpis sed ante vivamus tortor duis mattis egestas metus aenean fermentum donec ut mauris eget massa","2020-11-13 07:42:12","2021-06-21 22:00:13"
"womullane3e","Wild Classics","","2020-12-19 22:19:26","2021-07-18 13:15:43"
"aburgwyn3f","Search For Coffeehouse","ipsum praesent blandit lacinia erat vestibulum sed magna at nunc commodo placerat praesent blandit","2020-03-15 13:51:49","2021-10-14 10:10:25"
"pmatuska3g","Riding With Time","at nunc commodo placerat praesent blandit nam nulla integer pede justo","2020-01-05 20:19:14","2021-10-10 03:10:31"
"dglandfield3h","Summer Sunshine","","2020-10-15 10:26:46","2020-10-08 16:54:42"
"aszymaniak3k","Just Roots","proin eu mi nulla ac enim in tempor turpis nec euismod scelerisque quam turpis adipiscing lorem vitae mattis","2021-10-21 02:08:11","2021-03-15 03:48:42"
"aschlagh3m","Gold Time","eu sapien cursus vestibulum proin eu mi nulla ac enim in tempor","2021-09-01 03:23:01","2021-12-31 23:17:35"
"ckenny3n","Country Rocks","","2020-01-31 13:08:09","2020-09-12 08:42:45"
"gjorg3o","Country Pop","turpis donec posuere metus vitae ipsum aliquam non mauris morbi non","2020-05-17 09:17:53","2022-01-12 08:28:53"
"cpontin3q","Talk About Smoke","","2020-06-05 18:37:14","2021-08-27 08:45:49"
"gmartschke3r","Country Summer Nights","in faucibus orci luctus et ultrices posuere cubilia curae mauris viverra diam vitae quam","2021-06-29 21:41:08","2021-03-13 06:41:10"
"ugorst3s","be what youâ€™re","","2021-02-01 09:41:27","2020-12-19 12:48:02"
"esaladin3t","Fresh Mood","","2021-03-26 20:06:31","2021-05-12 11:49:47"
"brapelli3u","Dreamy beats","","2021-04-08 13:24:08","2020-11-06 12:34:19"
"erounsefell3x","Heart Noise","","2021-10-30 18:50:19","2020-09-19 13:53:37"
"dhocking3y","Soul Food","molestie sed justo pellentesque viverra pede ac diam cras pellentesque volutpat dui maecenas tristique est et tempus semper","2020-03-23 06:27:41","2021-09-03 13:28:27"
"sdower3z","Love Flow","eget orci vehicula condimentum curabitur in libero ut massa volutpat convallis morbi odio odio elementum eu","2020-01-05 21:38:26","2021-04-20 07:41:24"
"holenin41","Pink Nature","duis bibendum felis sed interdum venenatis turpis enim blandit mi in porttitor pede justo","2021-05-01 10:51:03","2021-08-19 14:50:32"
"rabela44","Low-key Life","","2021-05-25 08:00:20","2021-05-01 03:16:12"
"mshalcros45","Feel Good Music","","2020-10-01 23:16:24","2020-11-04 15:18:54"
"wbrockwell46","Dear No one","odio consequat varius integer ac leo pellentesque ultrices mattis odio donec vitae nisi nam ultrices libero non mattis pulvinar nulla","2020-12-25 18:54:38","2021-06-02 00:12:42"
"mjanicki48","Life Lights","pretium nisl ut volutpat sapien arcu sed augue aliquam erat volutpat in congue etiam","2021-05-10 18:01:45","2020-05-28 13:55:51"
"adetloff4a","Heart Waves","consequat nulla nisl nunc nisl duis bibendum felis sed interdum venenatis turpis","2020-12-22 03:35:26","2021-08-07 04:51:26"
"rdunan4b","Coffee Alone","","2020-10-07 18:07:59","2021-05-08 20:08:29"
"mworviell4d","Handmade Glory","","2020-09-22 02:13:46","2021-12-04 19:21:59"
"cshobbrook4e","Acid Days","in lacus curabitur at ipsum ac tellus semper interdum mauris ullamcorper purus sit amet nulla quisque arcu libero rutrum","2020-04-17 19:15:00","2020-06-27 03:23:22"
"osall4f","Autumn Soul","","2020-04-13 00:32:59","2020-01-01 13:09:59"
"cschaffel4h","Drama Time","","2021-12-23 22:43:50","2021-04-11 17:23:19"
"mwilkison4j","The Lord of Fantasy","","2021-02-20 19:44:10","2021-07-17 13:31:21"
"brendle4k","Gone In Space","","2021-01-24 00:58:55","2021-08-24 22:45:50"
"mhaythorne4l","Think Big","elit proin interdum mauris non ligula pellentesque ultrices phasellus id sapien in sapien iaculis congue vivamus metus arcu adipiscing","2021-01-20 15:43:26","2021-11-01 06:10:44"
"menriques4m","Song of God","","2021-11-16 16:06:07","2020-03-22 18:33:34"
"sgraal4o","The Shadow of You","convallis nulla neque libero convallis eget eleifend luctus ultricies eu nibh quisque id justo sit amet sapien dignissim","2021-04-29 21:08:59","2021-12-21 21:24:50"
"bfaux4p","Satanic Music","","2021-06-17 00:24:10","2020-07-06 02:59:47"
